series,time,juv,adult
1,73,0.5750531118936857,-0.25233159477203493
1,74,0.7661554497247661,0.9012111806586373
1,75,-0.7611100866951437,0.18890884416492798
1,76,-1.0347504741575102,-0.5740604354998224
