series,time,juv,adult
1,69,-0.11641244750134656,0.5152036285083775
1,70,-0.7488934936582008,-0.1940843583548145
1,71,-0.765489368623835,-0.8958649680809533
1,72,-0.7499352817329783,-1.221697075313278
1,73,0.4195621999369135,-0.3719801003707296
1,74,0.7736259875972058,0.907817012663742
1,75,-0.7621091221558863,0.22300628468201078
1,76,-1.0287040981947762,-0.5675346670449183
