series,time,juv,adult
1,76,-0.0589999999818566,-0.05899999999339471
