series,time,juv,adult
1,71,-1.35369994314832,-2.3550043523780735
1,72,-0.8368504308238955,-1.5182977240627542
1,73,0.40266257879648193,-0.4028500355819642
1,74,0.7960425736222118,0.9178131209696402
1,75,-0.7364524711654884,0.2231553969610133
1,76,-1.030092364906218,-0.5793097805416679
