series,time,juv,adult
1,72,-0.7832413429634979,-1.3421806762607829
1,73,0.5015668769517185,-0.31804289965299143
1,74,0.8033169629651606,0.917983817589309
1,75,-0.7384879558465031,0.20476349890512416
1,76,-1.0361370211836474,-0.5822472518072871
