series,time,juv,adult
1,75,-0.45614081108394866,0.07472694611879936
1,76,-0.059000000243213946,-0.05899999992725374
