series,time,juv,adult
1,74,0.8490447399824927,0.9449045191632505
1,75,-0.6958977579319402,0.21475930095244428
1,76,-1.0440987256595884,-0.6073913124281219
