series,time,juv,adult
1,70,-2.103655202275948,-3.6892099384072017
1,71,-1.226555621581064,-2.0938542928492283
1,72,-0.8248479411186965,-1.4613939064789778
1,73,0.33914544752039555,-0.4441298945716997
1,74,0.817229964355987,0.9342022648052001
1,75,-0.7232502536250432,0.23479633559048074
1,76,-1.0305710524199967,-0.5841847228434609
