series,time,juv,adult
1,75,-0.7845917285944547,0.16649275130208022
1,76,-1.0234744473590727,-0.5666613445846681
