series,time,juv,adult
1,76,-1.0486896769045375,-0.5921789056697032
