series,time,juv,adult
1,68,-5.518238014535945,-9.131130938054156
1,69,-3.870970533060524,-6.603102751855945
1,70,-2.361055575120027,-4.146656071081429
1,71,-1.3143837145891573,-2.306956245872682
1,72,-0.7898217947876526,-1.4756929043542697
1,73,0.6188430115579648,-0.22369472823779754
1,74,0.6818340458678246,0.892689725904978
1,75,-0.7826527617997464,0.20085482256643097
1,76,-0.9988631735256603,-0.5526767795091742
