series,time,juv,adult
1,76,0.2999517081547737,0.26352600575022866
2,76,-0.532080774085157,-0.11671025211363979
3,76,0.7359207719367558,0.4154980487942401
4,76,0.031205373879951523,-0.024037940672612255
5,76,-0.2517753204991012,0.18066576696496728
6,76,-1.792275100620715,-1.128195245476001
