series,time,juv,adult
1,67,-2.250384084406381,-3.8769741557452484
1,68,-1.359088470748958,-2.218462523157782
1,69,-1.1076852495767588,-1.7218782461373765
1,70,-1.033487239391625,-1.5844063930359382
1,71,-0.969457540863019,-1.509488125233761
1,72,-0.7872670029325185,-1.34805390116411
1,73,0.4067800213285176,-0.3878839509698357
1,74,0.8015761232470117,0.9214872761381917
1,75,-0.7485177687569895,0.22065074770796972
1,76,-1.0288424836592907,-0.5791482587011967
