series,time,juv,adult
1,67,-0.32382313390567125,0.526559658847021
1,68,-0.7540760104206271,-0.08965474952549918
1,69,-0.8025733316460177,-0.6923933942525402
1,70,-0.8687121871962512,-1.1506782905958144
1,71,-0.7240116155518835,-1.2281372800453343
1,72,0.6640148362769464,-0.12182411529205675
1,73,1.5218829413399877,1.2723031693121827
1,74,0.6973836134368427,1.023404226250045
1,75,-0.76687225056019,0.2715171009585139
1,76,-1.0736879205960912,-0.4793967837203597
