series,time,juv,adult
1,76,-0.05899999999411728,-0.05899999999190736
