series,time,juv,adult
1,73,1.578940326032907,1.4551987771531414
1,74,0.6173689100860567,0.9907133962093869
1,75,-0.7516661385296596,0.27002065205680037
1,76,-1.0367684711173117,-0.45679409769793655
