series,time,juv,adult
1,75,-0.7277375500099812,0.2540671576046179
1,76,-1.0207978801203217,-0.4719544498897153
