series,time,juv,adult
1,75,-0.27997840306729077,-0.18154112175302636
1,76,-0.05900000059760908,-0.059000001596832746
