series,time,juv,adult
1,71,-0.5522303958773601,-1.274509837145806
1,72,1.3234151445738511,0.5325571049328488
1,73,1.5570022945838975,1.5069231138359493
1,74,0.7678291844103347,1.207346736093345
1,75,-0.6719475517585126,0.23082644035290104
1,76,-1.0096198876004332,-0.5379259724153992
