series,time,juv,adult
1,72,1.383009389556187,0.5705144964348999
1,73,1.5584508899261649,1.4270586586729226
1,74,0.6057591922803374,0.9959909198808169
1,75,-0.7397471477997648,0.2593293969451249
1,76,-1.0249305941577158,-0.4624153947490525
