series,time,juv,adult
1,76,-1.070169869242894,-0.5544290562237192
