series,time,juv,adult
1,69,-0.9528484873773231,-1.3040743170903217
1,70,-0.9248828877665299,-1.4270499544486488
1,71,-0.5430594767474215,-1.1389742527338325
1,72,1.2827260873130555,0.468445845770283
1,73,1.476974541895782,1.369300259730285
1,74,0.6694831620091864,1.037519003709993
1,75,-0.761002555303678,0.25382360086147043
1,76,-1.0372098805002818,-0.49277852061078825
