series,time,juv,adult
1,74,0.5854161333820804,0.9327184067774115
1,75,-0.7908182682426779,0.2885126241528855
1,76,-1.0714982565028088,-0.4382319844258378
