series,time,juv,adult
1,70,-0.9232836265566542,-1.5140447235555188
1,71,-0.23454845216052583,-0.9225920192739645
1,72,1.4490555863361005,0.8926936448983852
1,73,1.4887263116941438,1.4823132745384284
1,74,0.5738872733397119,1.0278072046768096
1,75,-0.7422419127314311,0.22915227791095089
1,76,-0.9744283009688178,-0.4846094950388231
