series,time,juv,adult
1,68,-1.5454888690632393,-2.673337839786107
1,69,-1.2805692250214422,-2.1472245300972435
1,70,-1.0280827719358412,-1.775891407346158
1,71,-0.3909241934347251,-1.1067935045765296
1,72,1.4390196051270634,0.6913479251570371
1,73,1.554147228409267,1.5058605891666705
1,74,0.7262508927166238,1.13860723384619
1,75,-0.7090823622295218,0.2533310615037077
1,76,-1.0157152607480895,-0.5152609854645275
