series,time,juv,adult
1,76,-1.090890604290096,-1.008165718713725
