series,time,juv,adult
1,75,0.3449627385983287,1.4211105098359533
1,76,-1.0908908049045183,-1.008165943498759
