series,time,juv,adult
1,73,2.3657383667747465,2.6930039761974984
1,74,1.742382357559997,2.758504267504797
1,75,0.34496287803876036,1.4211105726698046
1,76,-1.090890585457874,-1.008165661997689
