series,time,juv,adult
1,71,-1.347581373153111,-5.168030924165572
1,72,1.631953532069086,0.10988154080188264
1,73,2.3657431463477296,2.6930086448465285
1,74,1.7423885791794254,2.7585115280172787
1,75,0.3449717067130269,1.4211221967323044
1,76,-1.0908873331159783,-1.0081580986440346
