series,time,juv,adult
1,72,1.6089762521418232,0.12436974983573713
1,73,2.325273519409676,2.65965555720436
1,74,1.723514283568448,2.7460596596490343
1,75,0.32972912681052174,1.407210153362014
1,76,-1.089670938646108,-1.0036137724642777
