series,time,juv,adult
1,70,-3.26968306379316,-8.683683565339866
1,71,-1.3475808606164048,-5.168030100018388
1,72,1.631953838925829,0.10988222502649697
1,73,2.3657432082487566,2.6930088928959584
1,74,1.7423884967025787,2.758511510808789
1,75,0.34497151997157893,1.4211219951125198
1,76,-1.0908874634973935,-1.008158318000131
