series,time,juv,adult
1,69,-4.644713086092876,-11.335186162294393
1,70,-3.263348316368334,-8.678182235601193
1,71,-1.3315322758190562,-5.146107918612532
1,72,1.6414712819338733,0.12798207936227493
1,73,2.3687890649639565,2.7004116827878315
1,74,1.7425312337190797,2.760409640798175
1,75,0.344591724281758,1.4213659340769933
1,76,-1.090697907667491,-1.0079560644596497
