series,time,juv,adult
1,76,0.23877029791679646,0.5636919815723773
2,76,-1.2018737596210096,-1.4547120890599916
3,76,0.49056469800933983,0.22679962346513224
4,76,-0.40090762400630264,0.07942318171256031
5,76,-0.3073526640321433,0.052961440558130735
6,76,-2.0562320604043847,-2.012535123751009
