series,time,juv,adult
1,67,-7.381747598813129,-16.614606428988377
1,68,-6.015265541181116,-13.974329679242931
1,69,-4.651207542723932,-11.340473017233506
1,70,-3.269683117194016,-8.68368365122522
1,71,-1.347580979518788,-5.168030290993233
1,72,1.6319537676719202,0.10988206640609022
1,73,2.365743193688348,2.693008835215726
1,74,1.742388515523813,2.7585115144615706
1,75,0.3449715628278872,1.4211220412870122
1,76,-1.0908874334413985,-1.0081582675296665
