series,time,juv,adult
1,74,1.7214999999339804,2.5891047632191415
1,75,0.3194336828373681,1.3557992372715617
1,76,-1.0978133651805853,-1.0111552591151207
