series,time,juv,adult
1,68,-6.015265530799905,-13.974329662684747
1,69,-4.65120753232247,-11.340473000652299
1,70,-3.2696831060699996,-8.68368363350097
1,71,-1.3475809546372954,-5.168030251192751
1,72,1.6319537826335584,0.10988209951612282
1,73,2.3657431968864637,2.6930088473888136
1,74,1.742388511821017,2.7585115139534016
1,75,0.34497155421075265,1.4211220320766915
1,76,-1.0908874395877501,-1.0081582777770708
