series,time,juv,adult
1,75,-0.036693568149800675,-0.047766597728373376
1,76,-0.008999999929834312,-0.009000001108508312
