"","variable","sigma2"
"1","MacJuv",0.089867844959293
"2","MacPyr",0.109364953493993
