series,time,juv,adult
1,76,-0.008999999999014022,-0.008999999998526641
