series,time,juv,adult
1,73,1.6279394038671269,2.032923801667268
1,74,0.9713392868132276,1.314436147396275
1,75,-0.6274702597812595,0.3242886850827699
1,76,-1.1233611115286202,-0.6732077826898974
