series,time,juv,adult
1,70,3.311715306954416,5.358876529334968
1,71,2.804309657371828,4.335583586999295
1,72,2.2872994356688734,3.3427791585162456
1,73,1.744146645744522,2.403854483581304
1,74,1.0694862690455629,1.504555632309024
1,75,-0.5845087561505273,0.3329036597968935
1,76,-1.1311823179257128,-0.7315124058954713
