series,time,juv,adult
1,75,-0.020218759437522316,-0.032733298032351955
1,76,-0.008999999794305873,-0.00900000049929934
