series,time,juv,adult
1,76,-1.1124618321504278,-0.707203297998021
