series,time,juv,adult
1,74,0.9741854572930246,1.283416789731842
1,75,-0.6385918025361442,0.3385461692415845
1,76,-1.1201056427760987,-0.6532120633694817
