series,time,juv,adult
1,65,4.9666490793349904,7.644436627396741
1,67,4.118168000304663,6.068614301907508
1,68,3.696275516617475,5.299190734556672
1,69,3.2781117484506446,4.554165948718679
1,70,2.86525416394799,3.8459791996892654
1,71,2.456672058724822,3.1853356149343246
1,72,2.043191025344784,2.573496325336632
1,73,1.5933261091364983,1.9932025370033188
1,74,0.9791701402089931,1.3805214442857614
1,75,-0.614273104832385,0.3053802105596011
1,76,-1.1013889561300252,-0.6987302765005411
