series,time,juv,adult
1,72,2.1824740431436735,3.6118153342909496
1,73,1.588759142977748,2.3438921734731575
1,74,0.9173990943473701,1.2642931602909235
1,75,-0.6866108958804235,0.32472069356274874
1,76,-1.1232265266523591,-0.6413057072790446
