series,time,juv,adult
1,71,2.8480903968058042,4.376436256857428
1,72,2.2916112983895487,3.294151408789889
1,73,1.7156799586997271,2.28478394219852
1,74,1.0160115949963915,1.3728491342789193
1,75,-0.6437192982560436,0.31566446872920484
1,76,-1.1372110210293864,-0.6865875966770086
