series,time,juv,adult
1,67,4.2214263153613745,7.877196041299637
1,68,3.785588672737816,6.898059632437256
1,69,3.3477635897500995,5.919729575083706
1,70,2.90742512636268,4.945401125852033
1,71,2.4640374986766416,3.983663183369775
1,72,2.0157730152412126,3.0541816692126096
1,73,1.5482083252260017,2.1908393363557663
1,74,0.9535224932840076,1.408953612995082
1,75,-0.5740641508440338,0.3285230955161669
1,76,-1.0922945076431527,-0.7093351365240563
