series,time,juv,adult
1,68,3.9032428829430845,5.857133690686522
1,69,3.452960821895936,5.031098674127488
1,70,3.000707842520662,4.217769058093517
1,71,2.546097565235711,3.4293802335228354
1,72,2.0850039113611354,2.6818141454008684
1,73,1.5956344728350174,1.9856382904126246
1,74,0.9622107622288693,1.31872844303688
1,75,-0.6367422489316436,0.32379079273690137
1,76,-1.1185297604542879,-0.674314486617751
