series,time,juv,adult
1,75,-0.625642980003669,0.3014275321173963
1,76,-1.1007522217616756,-0.6867428047149917
