series,time,juv,adult
1,69,3.397378513979791,4.6380874921766955
1,70,2.962952444478386,3.9146133990423277
1,71,2.530786438786056,3.2303314865464823
1,72,2.093442717915899,2.5911872094070376
1,73,1.622247658198912,1.987719371717818
1,74,0.992453760495551,1.3666039184739895
1,75,-0.6161720438324785,0.31953138875690973
1,76,-1.1132083302619735,-0.6961032907216442
