series,time,juv,adult
1,76,0.1892032311489889,0.41850618267697437
2,76,-1.7510171437886821,-0.9949820172008713
3,76,0.06547869969849773,0.4565907894704519
4,76,0.47818288814468385,0.4095958580935841
5,76,-1.1058913813633549,-0.7897430861440276
6,76,-1.75592752781537,-1.7240737349406416
